Date,Federal Funds Rate,Unemployment Rate,GDP,Inflation Rate,SP500
1975-01-01,3.87,8.1,1616.116,9.14314686496535,72.56409107555042
1975-02-01,6.76,8.1,1616.116,9.14314686496535,80.09684191252056
1975-03-01,6.07,8.6,1616.116,9.14314686496535,83.83199920654297
1975-04-01,5.48,8.8,1651.853,9.14314686496535,84.72318198464133
1975-05-01,5.55,9.0,1651.853,9.14314686496535,90.09619031633648
1975-06-01,5.23,8.8,1651.853,9.14314686496535,92.3971434093657
1975-07-01,6.12,8.6,1709.82,9.14314686496535,92.48727312954988
1975-08-01,6.24,8.4,1709.82,9.14314686496535,85.71380942208427
1975-09-01,6.13,8.4,1709.82,9.14314686496535,84.67238071986607
1975-10-01,6.24,8.4,1761.831,9.14314686496535,88.57434778628142
1975-11-01,5.65,8.3,1761.831,9.14314686496535,90.06526344700863
1975-12-01,5.31,8.2,1761.831,9.14314686496535,88.70045471191406
1976-01-01,5.37,7.9,1820.487,5.74481263549085,96.8595235915411
1976-02-01,4.84,7.7,1820.487,5.74481263549085,100.63947416606702
1976-03-01,5.21,7.6,1820.487,5.74481263549085,101.08434793223503
1976-04-01,4.83,7.7,1852.332,5.74481263549085,101.92952364966985
1976-05-01,5.1,7.4,1852.332,5.74481263549085,101.16199913024904
1976-06-01,5.58,7.6,1852.332,5.74481263549085,101.76681795987216
1976-07-01,5.58,7.8,1886.558,5.74481263549085,104.2009528023856
1976-08-01,5.32,7.8,1886.558,5.74481263549085,103.29181844537908
1976-09-01,5.25,7.6,1886.558,5.74481263549085,105.45333317347936
1976-10-01,5.32,7.7,1934.273,5.74481263549085,101.88523755754744
1976-11-01,5.04,7.8,1934.273,5.74481263549085,101.19349975585938
1976-12-01,4.67,7.8,1934.273,5.74481263549085,104.66090843894266
1977-01-01,4.17,7.5,1988.648,6.5016839947284,103.81333305722193
1977-02-01,4.58,7.6,1988.648,6.5016839947284,100.95578926487973
1977-03-01,4.7,7.4,1988.648,6.5016839947284,100.56956481933594
1977-04-01,4.72,7.2,2055.909,6.5016839947284,99.05000076293943
1977-05-01,5.12,7.0,2055.909,6.5016839947284,98.7604758853004
1977-06-01,5.24,7.2,2055.909,6.5016839947284,99.28590947931464
1977-07-01,5.36,6.9,2118.473,6.5016839947284,100.17842021741365
1977-08-01,5.84,7.0,2118.473,6.5016839947284,97.7500003317128
1977-09-01,6.06,6.8,2118.473,6.5016839947284,96.23238045828684
1977-10-01,6.46,6.8,2164.27,6.5016839947284,93.73952302478608
1977-11-01,6.65,6.8,2164.27,6.5016839947284,94.28333391462054
1977-12-01,6.52,6.4,2164.27,6.5016839947284,93.82047671363468
1978-01-01,6.53,6.4,2202.76,7.63096383885606,90.24952298118954
1978-02-01,7.18,6.3,2202.76,7.63096383885606,88.97526349519428
1978-03-01,6.86,6.3,2202.76,7.63096383885606,88.81954539905895
1978-04-01,6.97,6.1,2331.633,7.63096383885606,92.7104995727539
1978-05-01,7.27,6.0,2331.633,7.63096383885606,97.41227306019177
1978-06-01,7.48,5.9,2331.633,7.63096383885606,97.66181807084516
1978-07-01,8.01,6.2,2395.053,7.63096383885606,97.19249992370604
1978-08-01,7.97,5.9,2395.053,7.63096383885606,103.92173999288808
1978-09-01,8.33,6.0,2395.053,7.63096383885606,103.85699996948242
1978-10-01,8.9,5.8,2476.949,7.63096383885606,100.58363515680486
1978-11-01,9.87,5.9,2476.949,7.63096383885606,94.70952315557572
1978-12-01,9.95,6.0,2476.949,7.63096383885606,96.1074996948242
1979-01-01,10.84,5.9,2526.61,11.2544711292795,99.70500113747336
1979-02-01,10.05,5.9,2526.61,11.2544711292795,98.2294737163343
1979-03-01,10.05,5.8,2526.61,11.2544711292795,100.11227278275923
1979-04-01,10.07,5.8,2591.247,11.2544711292795,102.06600036621094
1979-05-01,10.38,5.6,2591.247,11.2544711292795,99.727727023038
1979-06-01,10.24,5.7,2591.247,11.2544711292795,101.72761862618584
1979-07-01,10.54,5.7,2667.565,11.2544711292795,102.71142832438152
1979-08-01,10.75,6.0,2667.565,11.2544711292795,107.35608639924422
1979-09-01,11.29,5.9,2667.565,11.2544711292795,108.59684231406764
1979-10-01,12.06,6.0,2723.883,11.2544711292795,104.47304269541864
1979-11-01,15.26,5.9,2723.883,11.2544711292795,103.66381000337148
1979-12-01,13.96,6.0,2723.883,11.2544711292795,107.7759994506836
1980-01-01,14.77,6.3,2789.842,13.5492019749684,110.86818140203304
1980-02-01,13.44,6.3,2789.842,13.5492019749684,115.33900108337404
1980-03-01,16.33,6.3,2789.842,13.5492019749684,104.68619065057663
1980-04-01,19.79,6.9,2797.352,13.5492019749684,102.96666753859748
1980-05-01,14.07,7.5,2797.352,13.5492019749684,107.69428543817428
1980-06-01,11.06,7.6,2797.352,13.5492019749684,114.54666646321614
1980-07-01,9.47,7.8,2856.483,13.5492019749684,119.83272760564633
1980-08-01,10.48,7.7,2856.483,13.5492019749684,123.49666631789437
1980-09-01,10.74,7.5,2856.483,13.5492019749684,126.51190294538226
1980-10-01,13.05,7.5,2985.557,13.5492019749684,130.22173840066662
1980-11-01,13.77,7.5,2985.557,13.5492019749684,135.6544426812066
1980-12-01,17.71,7.2,2985.557,13.5492019749684,133.48318204012784
1981-01-01,22.0,7.5,3124.206,10.3347153402771,132.96571277436755
1981-02-01,17.25,7.4,3124.206,10.3347153402771,128.3952656796104
1981-03-01,15.53,7.4,3124.206,10.3347153402771,133.18499963933772
1981-04-01,14.51,7.2,3162.532,10.3347153402771,134.42761811755952
1981-05-01,19.79,7.5,3162.532,10.3347153402771,131.72700042724608
1981-06-01,19.01,7.5,3162.532,10.3347153402771,132.2777293812145
1981-07-01,21.09,7.2,3260.609,10.3347153402771,129.1277268149636
1981-08-01,17.46,7.4,3260.609,10.3347153402771,129.6295231410435
1981-09-01,17.52,7.6,3260.609,10.3347153402771,118.26952398390998
1981-10-01,16.96,7.9,3280.818,10.3347153402771,119.79772706465288
1981-11-01,14.44,8.3,3280.818,10.3347153402771,122.9194995880127
1981-12-01,13.03,8.5,3280.818,10.3347153402771,123.79409096457742
1982-01-01,13.13,8.6,3274.302,6.13142700027493,117.27650032043456
1982-02-01,15.69,8.9,3274.302,6.13142700027493,114.49526335063732
1982-03-01,14.11,9.0,3274.302,6.13142700027493,110.84217370074728
1982-04-01,15.48,9.3,3331.972,6.13142700027493,116.30714343843006
1982-05-01,15.28,9.4,3331.972,6.13142700027493,116.35299949645996
1982-06-01,13.76,9.6,3331.972,6.13142700027493,109.69772720336914
1982-07-01,14.73,9.8,3366.322,6.13142700027493,109.37666684105282
1982-08-01,11.41,9.8,3366.322,6.13142700027493,109.65136406638406
1982-09-01,11.28,10.1,3366.322,6.13142700027493,122.43333289736792
1982-10-01,10.87,10.4,3402.561,6.13142700027493,132.66047741117933
1982-11-01,9.43,10.8,3402.561,6.13142700027493,138.10095287504652
1982-12-01,9.1,10.8,3402.561,6.13142700027493,139.3659113103693
1983-01-01,11.2,10.4,3473.413,3.21243523316065,144.26714215959822
1983-02-01,8.63,10.4,3473.413,3.21243523316065,146.79684046695107
1983-03-01,8.65,10.3,3473.413,3.21243523316065,151.87652123492697
1983-04-01,9.12,10.2,3578.848,3.21243523316065,157.7120002746582
1983-05-01,8.84,10.1,3578.848,3.21243523316065,164.0971432640439
1983-06-01,9.38,10.1,3578.848,3.21243523316065,166.36909138072622
1983-07-01,9.31,9.4,3689.179,3.21243523316065,166.95099868774415
1983-08-01,9.64,9.5,3689.179,3.21243523316065,162.4178247866423
1983-09-01,9.61,9.2,3689.179,3.21243523316065,167.1604766845703
1983-10-01,10.59,8.8,3794.706,3.21243523316065,167.65428452264695
1983-11-01,9.45,8.5,3794.706,3.21243523316065,165.23095194498697
1983-12-01,9.46,8.3,3794.706,3.21243523316065,164.37142799014137
1984-01-01,9.92,8.0,3908.054,4.30053547523429,166.39285641624815
1984-02-01,9.74,7.8,3908.054,4.30053547523429,157.2505012512207
1984-03-01,9.73,7.8,3908.054,4.30053547523429,157.4386381669478
1984-04-01,10.24,7.7,4009.601,4.30053547523429,157.60149917602538
1984-05-01,11.04,7.4,4009.601,4.30053547523429,156.55090886896306
1984-06-01,10.53,7.2,4009.601,4.30053547523429,153.12476094563803
1984-07-01,10.85,7.5,4084.25,4.30053547523429,151.07809593563988
1984-08-01,12.04,7.5,4084.25,4.30053547523429,164.4208692467731
1984-09-01,11.64,7.3,4084.25,4.30053547523429,166.1126299406353
1984-10-01,11.38,7.4,4148.551,4.30053547523429,164.81869440493375
1984-11-01,10.26,7.2,4148.551,4.30053547523429,166.27190508161272
1984-12-01,8.92,7.3,4148.551,4.30053547523429,164.48000106811523
1985-01-01,8.74,7.3,4230.168,3.54564415209365,171.6127270785245
1985-02-01,8.74,7.2,4230.168,3.54564415209365,180.88473751670435
1985-03-01,8.74,7.2,4230.168,3.54564415209365,179.4199981689453
1985-04-01,8.83,7.3,4294.887,3.54564415209365,180.61857023693267
1985-05-01,8.83,7.2,4294.887,3.54564415209365,184.8990894664417
1985-06-01,7.64,7.4,4294.887,3.54564415209365,188.8859992980957
1985-07-01,8.12,7.4,4386.773,3.54564415209365,192.54454456676137
1985-08-01,8.26,7.1,4386.773,3.54564415209365,188.3063638860529
1985-09-01,7.8,7.1,4386.773,3.54564415209365,184.20579046952096
1985-10-01,8.26,7.1,4444.094,3.54564415209365,186.18043451723844
1985-11-01,8.32,7.0,4444.094,3.54564415209365,197.44550018310548
1985-12-01,8.54,7.0,4444.094,3.54564415209365,207.2576192220052
1986-01-01,13.46,6.7,4507.894,1.89804772234276,208.19408971613103
1986-02-01,8.09,7.2,4507.894,1.89804772234276,219.36526168020148
1986-03-01,7.95,7.2,4507.894,1.89804772234276,232.3270004272461
1986-04-01,7.49,7.1,4545.34,1.89804772234276,237.96772835471413
1986-05-01,7.13,7.2,4545.34,1.89804772234276,238.45904758998327
1986-06-01,6.84,7.2,4545.34,1.89804772234276,245.29571460542223
1986-07-01,6.97,7.0,4607.669,1.89804772234276,240.17999891801315
1986-08-01,6.38,6.9,4607.669,1.89804772234276,245.0009511311849
1986-09-01,5.77,7.0,4607.669,1.89804772234276,238.269047328404
1986-10-01,5.99,7.0,4657.627,1.89804772234276,237.35608706266984
1986-11-01,5.93,6.9,4657.627,1.89804772234276,245.0926328960218
1986-12-01,6.38,6.6,4657.627,1.89804772234276,248.60545418479225
1987-01-01,14.35,6.6,4722.156,3.6645632175169,264.51095145089283
1987-02-01,6.28,6.6,4722.156,3.6645632175169,280.9342153448808
1987-03-01,6.02,6.6,4722.156,3.6645632175169,292.47136480158025
1987-04-01,6.22,6.3,4806.16,3.6645632175169,289.3219052269345
1987-05-01,7.67,6.3,4806.16,3.6645632175169,289.1154983520508
1987-06-01,6.74,6.2,4806.16,3.6645632175169,301.3840900767933
1987-07-01,6.07,6.1,4884.555,3.6645632175169,310.0872719504616
1987-08-01,6.75,6.0,4884.555,3.6645632175169,329.35809326171875
1987-09-01,6.84,5.9,4884.555,3.6645632175169,318.6609511602493
1987-10-01,7.71,6.0,5007.994,3.6645632175169,280.1640916304155
1987-11-01,6.62,5.8,5007.994,3.6645632175169,245.0085006713867
1987-12-01,7.04,5.7,5007.994,3.6645632175169,240.9559097290039
1988-01-01,6.89,5.7,5073.372,4.07774110744413,250.47650299072265
1988-02-01,6.96,5.7,5073.372,4.07774110744413,258.12799911499025
1988-03-01,6.66,5.7,5073.372,4.07774110744413,265.7373922596807
1988-04-01,6.7,5.4,5190.036,4.07774110744413,262.6154983520508
1988-05-01,6.98,5.6,5190.036,4.07774110744413,256.1238112676712
1988-06-01,7.24,5.4,5190.036,4.07774110744413,270.6827281605114
1988-07-01,7.75,5.4,5282.835,4.07774110744413,269.0494979858398
1988-08-01,7.91,5.6,5282.835,4.07774110744413,263.7265187139096
1988-09-01,8.27,5.4,5282.835,4.07774110744413,267.9700012207031
1988-10-01,8.54,5.4,5399.509,4.07774110744413,277.39571562267486
1988-11-01,8.35,5.3,5399.509,4.07774110744413,271.02428763253346
1988-12-01,8.54,5.3,5399.509,4.07774110744413,276.51475888206846
1989-01-01,9.04,5.4,5511.253,4.82700303008944,285.413812546503
1989-02-01,9.02,5.2,5511.253,4.82700303008944,294.0110521818462
1989-03-01,9.82,5.0,5511.253,4.82700303008944,292.7131819291548
1989-04-01,9.79,5.2,5612.463,4.82700303008944,302.2509963989258
1989-05-01,9.85,5.2,5612.463,4.82700303008944,313.92999961159444
1989-06-01,9.84,5.3,5612.463,4.82700303008944,323.7277277166193
1989-07-01,9.63,5.2,5695.365,4.82700303008944,331.92650146484374
1989-08-01,8.95,5.2,5695.365,4.82700303008944,346.60782656462294
1989-09-01,8.93,5.3,5695.365,4.82700303008944,347.3295013427734
1989-10-01,9.24,5.3,5747.237,4.82700303008944,347.3972722833807
1989-11-01,8.98,5.4,5747.237,4.82700303008944,340.2190450032552
1989-12-01,8.51,5.4,5747.237,4.82700303008944,348.57200012207034
1990-01-01,7.97,5.4,5872.701,5.39795643990325,339.9718184037642
1990-02-01,8.25,5.3,5872.701,5.39795643990325,330.45263511256167
1990-03-01,8.3,5.2,5872.701,5.39795643990325,338.46500049937856
1990-04-01,8.3,5.4,5960.028,5.39795643990325,338.1779983520508
1990-05-01,8.11,5.4,5960.028,5.39795643990325,350.2500013871626
1990-06-01,8.28,5.2,5960.028,5.39795643990325,360.3866664341518
1990-07-01,8.32,5.5,6015.116,5.39795643990325,360.0309520903088
1990-08-01,8.07,5.7,6015.116,5.39795643990325,330.7465196692425
1990-09-01,8.06,5.9,6015.116,5.39795643990325,315.40684268349094
1990-10-01,8.25,5.9,6004.733,5.39795643990325,307.1247850501019
1990-11-01,8.06,6.2,6004.733,5.39795643990325,315.2909531366257
1990-12-01,7.61,6.3,6004.733,5.39795643990325,328.74950256347654
1991-01-01,5.53,6.4,6035.178,4.23496396453849,325.4854555996981
1991-02-01,6.3,6.6,6035.178,4.23496396453849,362.2631578947368
1991-03-01,6.35,6.8,6035.178,4.23496396453849,372.2789993286133
1991-04-01,6.48,6.7,6126.862,4.23496396453849,379.6786360307173
1991-05-01,5.9,6.9,6126.862,4.23496396453849,377.9922721169212
1991-06-01,5.92,6.9,6126.862,4.23496396453849,378.2929992675781
1991-07-01,6.38,6.8,6205.937,4.23496396453849,380.2268177379261
1991-08-01,5.86,6.9,6205.937,4.23496396453849,389.4031788219105
1991-09-01,5.5,6.9,6205.937,4.23496396453849,387.19850006103513
1991-10-01,5.4,7.0,6264.54,4.23496396453849,386.88347990616506
1991-11-01,5.03,7.0,6264.54,4.23496396453849,385.919499206543
1991-12-01,4.86,7.3,6264.54,4.23496396453849,388.5104762486049
1992-01-01,4.09,7.3,6363.102,3.02881967814969,416.0749969482422
1992-02-01,4.4,7.4,6363.102,3.02881967814969,412.5557909513775
1992-03-01,4.13,7.4,6363.102,3.02881967814969,407.3645449551669
1992-04-01,4.98,7.4,6470.763,3.02881967814969,407.40714372907365
1992-05-01,3.75,7.6,6470.763,3.02881967814969,414.814501953125
1992-06-01,3.96,7.8,6470.763,3.02881967814969,408.2745472301136
1992-07-01,3.89,7.7,6566.641,3.02881967814969,415.0513638583097
1992-08-01,3.37,7.6,6566.641,3.02881967814969,417.9271429152716
1992-09-01,3.39,7.6,6566.641,3.02881967814969,418.4771423339844
1992-10-01,3.58,7.3,6680.803,3.02881967814969,412.5027285489169
1992-11-01,3.04,7.4,6680.803,3.02881967814969,422.8439971923828
1992-12-01,3.17,7.4,6680.803,3.02881967814969,435.6395457874645
1993-01-01,2.66,7.3,6729.459,2.95165696638559,435.22899932861327
1993-02-01,3.25,7.1,6729.459,2.95165696638559,441.70368074115953
1993-03-01,3.65,7.0,6729.459,2.95165696638559,450.15521638289744
1993-04-01,3.31,7.1,6808.939,2.95165696638559,443.0776207333519
1993-05-01,3.01,7.1,6808.939,2.95165696638559,445.24649810791016
1993-06-01,3.33,7.0,6808.939,2.95165696638559,448.0595439564098
1993-07-01,3.27,6.9,6882.098,2.95165696638559,447.2861880347842
1993-08-01,3.07,6.8,6882.098,2.95165696638559,454.1277285489169
1993-09-01,3.25,6.7,6882.098,2.95165696638559,459.2352338518416
1993-10-01,3.19,6.8,7013.738,2.95165696638559,463.8999968029204
1993-11-01,3.15,6.6,7013.738,2.95165696638559,462.8904753185454
1993-12-01,3.07,6.5,7013.738,2.95165696638559,465.9454567649148
1994-01-01,2.85,6.6,7115.652,2.60744159215453,472.9928574335007
1994-02-01,3.25,6.6,7115.652,2.60744159215453,471.5799994217722
1994-03-01,3.31,6.5,7115.652,2.60744159215453,463.8078268299932
1994-04-01,3.64,6.4,7246.931,2.60744159215453,447.2321070620888
1994-05-01,3.73,6.1,7246.931,2.60744159215453,450.89857264927457
1994-06-01,4.33,6.1,7246.931,2.60744159215453,454.825908314098
1994-07-01,3.82,6.1,7331.075,2.60744159215453,451.4009994506836
1994-08-01,4.34,6.0,7331.075,2.60744159215453,464.2430459727412
1994-09-01,4.76,5.9,7331.075,2.60744159215453,466.9580920991443
1994-10-01,5.44,5.8,7455.288,2.60744159215453,463.81380934942337
1994-11-01,4.76,5.6,7455.288,2.60744159215453,461.0152398972284
1994-12-01,5.49,5.5,7455.288,2.60744159215453,455.1866643996466
1995-01-01,4.94,5.6,7522.289,2.80541968853662,465.25
1995-02-01,5.25,5.4,7522.289,2.80541968853662,481.92473722759047
1995-03-01,5.56,5.4,7522.289,2.80541968853662,493.1530469811481
1995-04-01,6.3,5.8,7580.997,2.80541968853662,507.9057906301398
1995-05-01,6.1,5.6,7580.997,2.80541968853662,523.8136402476918
1995-06-01,6.04,5.6,7580.997,2.80541968853662,539.3540843616832
1995-07-01,6.11,5.7,7683.125,2.80541968853662,557.3664978027343
1995-08-01,5.55,5.7,7683.125,2.80541968853662,559.1100012737771
1995-09-01,5.72,5.6,7683.125,2.80541968853662,578.765493774414
1995-10-01,6.2,5.5,7772.586,2.80541968853662,582.9181823730469
1995-11-01,5.76,5.6,7772.586,2.80541968853662,595.5323806036087
1995-12-01,5.56,5.6,7772.586,2.80541968853662,614.5709991455078
1996-01-01,4.73,5.6,7868.468,2.93120419993441,614.4200051047585
1996-02-01,5.27,5.5,7868.468,2.93120419993441,649.5420043945312
1996-03-01,5.81,5.5,7868.468,2.93120419993441,647.0747593470982
1996-04-01,5.53,5.6,8032.84,2.93120419993441,647.1728544689361
1996-05-01,5.41,5.6,8032.84,2.93120419993441,661.2304548783736
1996-06-01,5.31,5.3,8032.84,2.93120419993441,668.4989929199219
1996-07-01,7.8,5.5,8131.408,2.93120419993441,644.0704539905895
1996-08-01,6.29,5.1,8131.408,2.93120419993441,662.6822787198154
1996-09-01,5.28,5.2,8131.408,2.93120419993441,674.885498046875
1996-10-01,5.53,5.2,8259.771,2.93120419993441,701.4556539784307
1996-11-01,5.19,5.4,8259.771,2.93120419993441,735.6690063476562
1996-12-01,5.44,5.4,8259.771,2.93120419993441,743.249040876116
1997-01-01,6.26,5.3,8362.655,2.33768993730735,766.216816295277
1997-02-01,5.37,5.2,8362.655,2.33768993730735,798.3842163085938
1997-03-01,5.5,5.2,8362.655,2.33768993730735,792.1555023193359
1997-04-01,6.18,5.1,8518.825,2.33768993730735,763.9281865900213
1997-05-01,5.73,4.9,8518.825,2.33768993730735,833.0914306640625
1997-06-01,5.58,5.0,8518.825,2.33768993730735,876.2861909412202
1997-07-01,6.24,4.9,8662.823,2.33768993730735,925.2945445667614
1997-08-01,5.65,4.8,8662.823,2.33768993730735,927.7357119605656
1997-09-01,5.52,4.9,8662.823,2.33768993730735,937.0242861793156
1997-10-01,5.65,4.7,8765.907,2.33768993730735,951.159561820652
1997-11-01,5.56,4.6,8765.907,2.33768993730735,938.9236899928044
1997-12-01,5.92,4.7,8765.907,2.33768993730735,962.3654563210227
1998-01-01,5.84,4.6,8866.48,1.55227909874364,963.3590026855468
1998-02-01,5.48,4.6,8866.48,1.55227909874364,1023.7421136153372
1998-03-01,5.57,4.7,8866.48,1.55227909874364,1076.8277310458095
1998-04-01,5.72,4.3,8969.699,1.55227909874364,1112.1961960565477
1998-05-01,5.46,4.4,8969.699,1.55227909874364,1108.4169982910155
1998-06-01,5.79,4.5,8969.699,1.55227909874364,1108.389531915838
1998-07-01,6.35,4.5,9121.097,1.55227909874364,1156.5772705078125
1998-08-01,5.63,4.5,9121.097,1.55227909874364,1074.6204717726937
1998-09-01,5.75,4.6,9121.097,1.55227909874364,1020.6400001162574
1998-10-01,5.73,4.5,9293.991,1.55227909874364,1032.470009543679
1998-11-01,5.35,4.4,9293.991,1.55227909874364,1144.4334838867187
1998-12-01,4.82,4.4,9293.991,1.55227909874364,1190.0509033203125
1999-01-01,4.07,4.3,9411.682,2.18802719697358,1248.7747353001644
1999-02-01,4.86,4.4,9411.682,2.18802719697358,1246.5821147717927
1999-03-01,5.1,4.2,9411.682,2.18802719697358,1281.663913892663
1999-04-01,5.41,4.3,9526.21,2.18802719697358,1334.7566615513392
1999-05-01,5.03,4.2,9526.21,2.18802719697358,1332.0740112304688
1999-06-01,4.78,4.3,9526.21,2.18802719697358,1322.552734375
1999-07-01,5.76,4.3,9686.626,2.18802719697358,1380.990001860119
1999-08-01,5.07,4.2,9686.626,2.18802719697358,1327.488653009588
1999-09-01,5.41,4.2,9686.626,2.18802719697358,1318.1719040643602
1999-10-01,5.26,4.1,9900.169,2.18802719697358,1300.010009765625
1999-11-01,5.38,4.1,9900.169,2.18802719697358,1391.0028483072915
1999-12-01,5.71,4.0,9900.169,2.18802719697358,1428.6840931285512
2000-01-01,3.99,4.0,10002.179,3.37685727149929,1425.5855041503903
2000-02-01,5.79,4.1,10002.179,3.37685727149929,1388.8744995117188
2000-03-01,5.78,4.0,10002.179,3.37685727149929,1442.212598717731
2000-04-01,6.17,3.8,10247.72,3.37685727149929,1461.3552567331417
2000-05-01,6.17,4.0,10247.72,3.37685727149929,1418.4795476740055
2000-06-01,6.65,4.0,10247.72,3.37685727149929,1461.9590897993608
2000-07-01,6.86,4.0,10318.165,3.37685727149929,1473.0024963378903
2000-08-01,6.51,4.1,10318.165,3.37685727149929,1485.45825726053
2000-09-01,6.52,3.9,10318.165,3.37685727149929,1468.05400390625
2000-10-01,6.6,3.9,10435.744,3.37685727149929,1390.144092906605
2000-11-01,6.61,3.9,10435.744,3.37685727149929,1375.037603469122
2000-12-01,6.6,3.9,10435.744,3.37685727149929,1330.9294982910155
2001-01-01,5.41,4.2,10470.231,2.82617111885407,1335.6390555245537
2001-02-01,5.57,4.2,10470.231,2.82617111885407,1305.7515804893092
2001-03-01,5.59,4.3,10470.231,2.82617111885407,1185.850008877841
2001-04-01,5.29,4.4,10599.0,2.82617111885407,1189.836999511719
2001-05-01,4.61,4.3,10599.0,2.82617111885407,1270.3686356977985
2001-06-01,4.14,4.5,10599.0,2.82617111885407,1238.7104666573662
2001-07-01,3.95,4.6,10598.02,2.82617111885407,1204.4495210193452
2001-08-01,3.79,4.9,10598.02,2.82617111885407,1178.5039274796195
2001-09-01,3.66,5.0,10598.02,2.82617111885407,1044.643994140625
2001-10-01,3.02,5.3,10660.465,2.82617111885407,1076.5904381793478
2001-11-01,2.61,5.5,10660.465,2.82617111885407,1129.6833321707588
2001-12-01,2.06,5.7,10660.465,2.82617111885407,1144.9300109863282
2002-01-01,1.52,5.7,10783.5,1.58603162650601,1140.2076241629463
2002-02-01,1.77,5.7,10783.5,1.58603162650601,1100.668938887747
2002-03-01,1.78,5.7,10783.5,1.58603162650601,1153.7910034179688
2002-04-01,1.88,5.9,10887.46,1.58603162650601,1112.034540349787
2002-05-01,1.88,5.8,10887.46,1.58603162650601,1079.2672784978693
2002-06-01,1.79,5.8,10887.46,1.58603162650601,1014.0480072021484
2002-07-01,1.83,5.8,10984.04,1.58603162650601,903.585457541726
2002-08-01,1.79,5.7,10984.04,1.58603162650601,912.5522738370028
2002-09-01,1.81,5.7,10984.04,1.58603162650601,867.8120056152344
2002-10-01,1.85,5.7,11061.433,1.58603162650601,854.6313078507134
2002-11-01,1.74,5.9,11061.433,1.58603162650601,909.9270050048827
2002-12-01,1.23,6.0,11061.433,1.58603162650601,899.1785743350074
2003-01-01,1.16,5.8,11174.129,2.27009497336115,895.8361903599331
2003-02-01,1.33,5.9,11174.129,2.27009497336115,837.6189510947779
2003-03-01,1.33,5.9,11174.129,2.27009497336115,846.6214250837054
2003-04-01,1.29,6.0,11312.766,2.27009497336115,890.0257132393973
2003-05-01,1.3,6.1,11312.766,2.27009497336115,935.9628528413318
2003-06-01,1.28,6.3,11312.766,2.27009497336115,987.9952392578124
2003-07-01,1.11,6.2,11566.669,2.27009497336115,992.5409102006392
2003-08-01,1.0,6.1,11566.669,2.27009497336115,989.5319097609748
2003-09-01,1.01,6.1,11566.669,2.27009497336115,1019.441900344122
2003-10-01,1.11,6.0,11772.234,2.27009497336115,1038.7343431555707
2003-11-01,1.03,5.8,11772.234,2.27009497336115,1049.8989450555098
2003-12-01,1.03,5.7,11772.234,2.27009497336115,1080.6359197443182
2004-01-01,0.94,5.7,11923.447,2.67723669309172,1132.5174987792968
2004-02-01,1.03,5.6,11923.447,2.67723669309172,1143.3563232421875
2004-03-01,1.04,5.8,11923.447,2.67723669309172,1123.9782449473505
2004-04-01,1.03,5.6,12112.815,2.67723669309172,1133.0785725911458
2004-05-01,1.03,5.6,12112.815,2.67723669309172,1102.7815002441407
2004-06-01,1.02,5.6,12112.815,2.67723669309172,1132.7571556454614
2004-07-01,1.4,5.5,12305.307,2.67723669309172,1105.846656436012
2004-08-01,1.29,5.4,12305.307,2.67723669309172,1088.9349920099432
2004-09-01,1.53,5.4,12305.307,2.67723669309172,1117.656203497024
2004-10-01,1.86,5.5,12527.214,2.67723669309172,1118.0680977957588
2004-11-01,1.83,5.4,12527.214,2.67723669309172,1168.9376220703125
2004-12-01,2.04,5.4,12527.214,2.67723669309172,1199.2095447887075
2005-01-01,1.97,5.3,12767.286,3.3927468454955,1181.4079956054688
2005-02-01,2.4,5.4,12767.286,3.3927468454955,1199.6268439041942
2005-03-01,2.39,5.2,12767.286,3.3927468454955,1194.8977272727273
2005-04-01,2.83,5.2,12922.656,3.3927468454955,1164.4276123046875
2005-05-01,2.97,5.1,12922.656,3.3927468454955,1178.2757161458333
2005-06-01,3.02,5.0,12922.656,3.3927468454955,1202.2531682794745
2005-07-01,3.36,5.0,13142.642,3.3927468454955,1222.2369995117188
2005-08-01,3.3,4.9,13142.642,3.3927468454955,1224.2699983016305
2005-09-01,3.57,5.0,13142.642,3.3927468454955,1225.914771670387
2005-10-01,3.93,5.0,13324.204,3.3927468454955,1191.9642857142858
2005-11-01,3.99,5.0,13324.204,3.3927468454955,1237.3685651506696
2005-12-01,4.03,4.9,13324.204,3.3927468454955,1262.0719110398063
2006-01-01,4.09,4.7,13599.16,3.22594410070404,1278.7224975585937
2006-02-01,4.47,4.8,13599.16,3.22594410070404,1276.6452765213817
2006-03-01,4.52,4.7,13599.16,3.22594410070404,1293.7347783627715
2006-04-01,5.0,4.7,13753.424,3.22594410070404,1302.1652703536183
2006-05-01,4.84,4.6,13753.424,3.22594410070404,1290.0136274857955
2006-06-01,5.02,4.6,13753.424,3.22594410070404,1253.1681795987215
2006-07-01,5.05,4.7,13870.188,3.22594410070404,1260.2345031738282
2006-08-01,5.27,4.7,13870.188,3.22594410070404,1287.1495679772418
2006-09-01,5.25,4.5,13870.188,3.22594410070404,1317.7430114746094
2006-10-01,5.34,4.4,14039.56,3.22594410070404,1363.3772638494318
2006-11-01,5.23,4.5,14039.56,3.22594410070404,1388.634753999256
2006-12-01,5.27,4.4,14039.56,3.22594410070404,1416.420007324219
2007-01-01,5.17,4.6,14215.651,2.85267248150138,1424.160986328125
2007-02-01,5.29,4.5,14215.651,2.85267248150138,1444.7947484066613
2007-03-01,5.31,4.4,14215.651,2.85267248150138,1406.9518210671165
2007-04-01,5.3,4.5,14402.082,2.85267248150138,1463.6405029296875
2007-05-01,5.26,4.4,14402.082,2.85267248150138,1511.1368130770595
2007-06-01,5.23,4.6,14402.082,2.85267248150138,1514.4895193917412
2007-07-01,5.31,4.7,14564.117,2.85267248150138,1520.7047584170386
2007-08-01,5.3,4.6,14564.117,2.85267248150138,1454.6169592815895
2007-09-01,4.96,4.7,14564.117,2.85267248150138,1497.1163265830592
2007-10-01,4.92,4.7,14715.058,2.85267248150138,1539.65869140625
2007-11-01,4.59,4.7,14715.058,2.85267248150138,1463.3852364676338
2007-12-01,4.66,5.0,14715.058,2.85267248150138,1479.2234985351563
2008-01-01,3.06,5.0,14706.538,3.839100296651,1378.7638055710563
2008-02-01,3.12,4.9,14706.538,3.839100296651,1354.872509765625
2008-03-01,3.01,5.1,14706.538,3.839100296651,1316.9429931640625
2008-04-01,2.38,5.0,14865.701,3.839100296651,1370.4690940163352
2008-05-01,2.16,5.4,14865.701,3.839100296651,1403.2176164899554
2008-06-01,1.98,5.6,14865.701,3.839100296651,1341.250964936756
2008-07-01,2.11,5.8,14898.999,3.839100296651,1257.32636607777
2008-08-01,2.04,6.1,14898.999,3.839100296651,1281.4723656063989
2008-09-01,1.94,6.1,14898.999,3.839100296651,1217.0228562127977
2008-10-01,1.15,6.5,14608.209,3.839100296651,968.8008741295856
2008-11-01,0.22,6.8,14608.209,3.839100296651,883.04052734375
2008-12-01,0.52,7.3,14608.209,3.839100296651,877.5618175159801
2009-01-01,0.14,7.8,14430.902,-0.355546266299747,865.5755004882812
2009-02-01,0.23,8.3,14430.902,-0.355546266299747,805.2273688065378
2009-03-01,0.22,8.7,14430.902,-0.355546266299747,757.1268144087358
2009-04-01,0.16,9.0,14381.236,-0.355546266299747,848.1518990652902
2009-05-01,0.22,9.4,14381.236,-0.355546266299747,902.4085021972656
2009-06-01,0.21,9.5,14381.236,-0.355546266299747,926.115001331676
2009-07-01,0.2,9.5,14448.882,-0.355546266299747,935.8213639692826
2009-08-01,0.18,9.6,14448.882,-0.355546266299747,1009.7247576032366
2009-09-01,0.15,9.8,14448.882,-0.355546266299747,1044.5523826962426
2009-10-01,0.11,10.0,14651.249,-0.355546266299747,1067.6636297052555
2009-11-01,0.11,9.9,14651.249,-0.355546266299747,1088.0690063476563
2009-12-01,0.13,9.9,14651.249,-0.355546266299747,1110.377724387429
2010-01-01,0.05,9.8,14764.61,1.6400434423899,1123.5815815172698
2010-02-01,0.14,9.8,14764.61,1.6400434423899,1089.1599892064144
2010-03-01,0.14,9.9,14764.61,1.6400434423899,1152.0486901324728
2010-04-01,0.17,9.9,14980.193,1.6400434423899,1197.316185360863
2010-05-01,0.2,9.6,14980.193,1.6400434423899,1125.0620056152345
2010-06-01,0.2,9.4,14980.193,1.6400434423899,1083.3608953302555
2010-07-01,0.17,9.4,15141.607,1.6400434423899,1079.8033360072543
2010-08-01,0.18,9.5,15141.607,1.6400434423899,1087.2822709517045
2010-09-01,0.19,9.5,15141.607,1.6400434423899,1122.0819033668154
2010-10-01,0.2,9.4,15309.474,1.6400434423899,1171.5838099888392
2010-11-01,0.2,9.8,15309.474,1.6400434423899,1198.8885614304315
2010-12-01,0.2,9.3,15309.474,1.6400434423899,1241.5254516601562
2011-01-01,0.13,9.1,15351.448,3.156841568622,1282.6184997558594
2011-02-01,0.18,9.0,15351.448,3.156841568622,1321.1178877981083
2011-03-01,0.15,9.0,15351.448,3.156841568622,1304.4865138841712
2011-04-01,0.11,9.1,15557.539,3.156841568622,1331.5050109863282
2011-05-01,0.09,9.0,15557.539,3.156841568622,1338.3104654947915
2011-06-01,0.1,9.1,15557.539,3.156841568622,1287.2886408025568
2011-07-01,0.08,9.0,15647.68,3.156841568622,1325.184503173828
2011-08-01,0.17,9.0,15647.68,3.156841568622,1185.3056534476902
2011-09-01,0.08,9.0,15647.68,3.156841568622,1173.8790573846727
2011-10-01,0.06,8.8,15842.259,3.156841568622,1207.2161865234375
2011-11-01,0.08,8.6,15842.259,3.156841568622,1226.414771670387
2011-12-01,0.08,8.5,15842.259,3.156841568622,1243.3228469122023
2012-01-01,0.04,8.3,16068.805,2.06933726526067,1300.5780151367187
2012-02-01,0.11,8.3,16068.805,2.06933726526067,1352.4875
2012-03-01,0.11,8.2,16068.805,2.06933726526067,1389.2400013316762
2012-04-01,0.09,8.2,16207.115,2.06933726526067,1386.4289855957031
2012-05-01,0.16,8.2,16207.115,2.06933726526067,1341.2727161754262
2012-06-01,0.16,8.2,16207.115,2.06933726526067,1323.4842936197915
2012-07-01,0.09,8.2,16319.541,2.06933726526067,1359.7761986142114
2012-08-01,0.14,8.1,16319.541,2.06933726526067,1403.4482581097147
2012-09-01,0.13,7.8,16319.541,2.06933726526067,1443.4194721422698
2012-10-01,0.15,7.8,16420.419,2.06933726526067,1437.816662016369
2012-11-01,0.17,7.7,16420.419,2.06933726526067,1394.512387230283
2012-12-01,0.16,7.9,16420.419,2.06933726526067,1422.2854919433594
2013-01-01,0.09,8.0,16648.189,1.46483265562717,1480.395240420387
2013-02-01,0.14,7.7,16648.189,1.46483265562717,1512.3115812602796
2013-03-01,0.14,7.5,16648.189,1.46483265562717,1550.8289855957032
2013-04-01,0.16,7.6,16728.687,1.46483265562717,1570.702264959162
2013-05-01,0.14,7.5,16728.687,1.46483265562717,1639.842723499645
2013-06-01,0.09,7.5,16728.687,1.46483265562717,1618.7725158691403
2013-07-01,0.1,7.3,16953.838,1.46483265562717,1668.6754427823153
2013-08-01,0.08,7.2,16953.838,1.46483265562717,1670.0936390269887
2013-09-01,0.07,7.2,16953.838,1.46483265562717,1687.1735046386718
2013-10-01,0.08,7.2,17192.019,1.46483265562717,1720.0265317170515
2013-11-01,0.08,6.9,17192.019,1.46483265562717,1783.5410034179688
2013-12-01,0.07,6.7,17192.019,1.46483265562717,1807.775233677456
2014-01-01,0.07,6.6,17197.738,1.62222297740817,1822.3566603887648
2014-02-01,0.07,6.7,17197.738,1.62222297740817,1817.0347386410365
2014-03-01,0.06,6.7,17197.738,1.62222297740817,1863.523338681176
2014-04-01,0.08,6.2,17518.508,1.62222297740817,1864.2633347284227
2014-05-01,0.09,6.3,17518.508,1.62222297740817,1889.7671421595985
2014-06-01,0.08,6.1,17518.508,1.62222297740817,1947.087611607143
2014-07-01,0.1,6.2,17804.228,1.62222297740817,1973.0999866832387
2014-08-01,0.09,6.1,17804.228,1.62222297740817,1961.5319068545384
2014-09-01,0.07,5.9,17804.228,1.62222297740817,1993.2261904761904
2014-10-01,0.09,5.7,17912.079,1.62222297740817,1937.2743503736413
2014-11-01,0.07,5.8,17912.079,1.62222297740817,2044.572105006168
2014-12-01,0.13,5.6,17912.079,1.62222297740817,2054.2663629705257
2015-01-01,0.06,5.7,18063.529,0.118627135552451,2028.1785095214843
2015-02-01,0.06,5.5,18063.529,0.118627135552451,2082.1957943564967
2015-03-01,0.06,5.4,18063.529,0.118627135552451,2079.9904396750712
2015-04-01,0.12,5.4,18279.784,0.118627135552451,2094.862839471726
2015-05-01,0.13,5.6,18279.784,0.118627135552451,2111.9435180664063
2015-06-01,0.12,5.3,18279.784,0.118627135552451,2099.2836581143465
2015-07-01,0.13,5.2,18401.626,0.118627135552451,2094.1436268199573
2015-08-01,0.08,5.1,18401.626,0.118627135552451,2039.866205124628
2015-09-01,0.14,5.0,18401.626,0.118627135552451,1944.402384440104
2015-10-01,0.13,5.0,18435.137,0.118627135552451,2024.812716397372
2015-11-01,0.07,5.1,18435.137,0.118627135552451,2080.61650390625
2015-12-01,0.13,5.0,18435.137,0.118627135552451,2054.079562100497
2016-01-01,0.2,4.8,18525.933,1.26158320570536,1918.5978875411183
2016-02-01,0.38,4.9,18525.933,1.26158320570536,1904.418493652344
2016-03-01,0.36,5.0,18525.933,1.26158320570536,2021.9540904651988
2016-04-01,0.37,5.1,18711.702,1.26158320570536,2075.5352318173364
2016-05-01,0.3,4.8,18711.702,1.26158320570536,2065.5504789806546
2016-06-01,0.37,4.9,18711.702,1.26158320570536,2083.891368519176
2016-07-01,0.41,4.8,18892.639,1.26158320570536,2148.9019775390625
2016-08-01,0.4,4.9,18892.639,1.26158320570536,2177.482167119565
2016-09-01,0.4,5.0,18892.639,1.26158320570536,2157.690964471726
2016-10-01,0.29,4.9,19089.379,1.26158320570536,2143.0209379650296
2016-11-01,0.41,4.7,19089.379,1.26158320570536,2164.9856887090773
2016-12-01,0.41,4.7,19089.379,1.26158320570536,2246.6290457589284
2017-01-01,0.55,4.7,19280.084,2.13011000365961,2275.1159790039064
2017-02-01,0.66,4.6,19280.084,2.13011000365961,2329.910541735197
2017-03-01,0.66,4.4,19280.084,2.13011000365961,2366.822170091712
2017-04-01,0.82,4.4,19438.643,2.13011000365961,2359.309454666941
2017-05-01,0.91,4.4,19438.643,2.13011000365961,2395.345880681818
2017-06-01,0.91,4.3,19438.643,2.13011000365961,2433.98545143821
2017-07-01,1.06,4.3,19692.595,2.13011000365961,2454.102502441406
2017-08-01,1.16,4.4,19692.595,2.13011000365961,2456.223070227581
2017-09-01,1.16,4.3,19692.595,2.13011000365961,2492.8410400390626
2017-10-01,1.06,4.2,20037.088,2.13011000365961,2556.9972700639205
2017-11-01,1.16,4.2,20037.088,2.13011000365961,2593.605736142113
2017-12-01,1.16,4.1,20037.088,2.13011000365961,2664.34052734375
2018-01-01,1.33,4.0,20328.553,2.44258329692817,2789.803815569197
2018-02-01,1.42,4.1,20328.553,2.44258329692817,2705.1552477384867
2018-03-01,1.42,4.0,20328.553,2.44258329692817,2702.773821149553
2018-04-01,1.67,4.0,20580.912,2.44258329692817,2653.6252092633927
2018-05-01,1.7,3.8,20580.912,2.44258329692817,2701.4936190518465
2018-06-01,1.7,4.0,20580.912,2.44258329692817,2754.3528878348216
2018-07-01,1.91,3.8,20798.73,2.44258329692817,2793.643357049851
2018-08-01,1.91,3.8,20798.73,2.44258329692817,2857.8204292629075
2018-09-01,1.91,3.7,20798.73,2.44258329692817,2901.500513980264
2018-10-01,2.18,3.8,20917.867,2.44258329692817,2785.464780061141
2018-11-01,2.2,3.8,20917.867,2.44258329692817,2723.231422061012
2018-12-01,2.2,3.9,20917.867,2.44258329692817,2567.3073858963817
2019-01-01,2.4,4.0,21111.6,1.81221007526021,2607.3899972098216
2019-02-01,2.4,3.8,21111.6,1.81221007526021,2754.8642064144738
2019-03-01,2.4,3.8,21111.6,1.81221007526021,2803.9837937127977
2019-04-01,2.41,3.7,21397.938,1.81221007526021,2903.799979073661
2019-05-01,2.45,3.6,21397.938,1.81221007526021,2854.705910422585
2019-06-01,2.4,3.6,21397.938,1.81221007526021,2890.165979003906
2019-07-01,2.39,3.7,21717.171,1.81221007526021,2996.1136363636365
2019-08-01,2.14,3.6,21717.171,1.81221007526021,2897.450450550426
2019-09-01,2.13,3.5,21717.171,1.81221007526021,2982.156005859375
2019-10-01,1.88,3.6,21933.217,1.81221007526021,2977.675197435462
2019-11-01,1.57,3.6,21933.217,1.81221007526021,3104.9044921875
2019-12-01,1.56,3.6,21933.217,1.81221007526021,3176.74951171875
2020-01-01,1.55,3.6,21727.657,1.23358439630629,3278.202857607887
2020-02-01,1.59,3.5,21727.657,1.23358439630629,3277.3141832853617
2020-03-01,1.58,4.4,21727.657,1.23358439630629,2652.393632368608
2020-04-01,0.06,14.8,19935.444,1.23358439630629,2761.975225539434
2020-05-01,0.05,13.2,19935.444,1.23358439630629,2919.6084838867187
2020-06-01,0.05,11.0,19935.444,1.23358439630629,3104.6609330610795
2020-07-01,0.08,10.2,21684.551,1.23358439630629,3207.6190962357955
2020-08-01,0.1,8.4,21684.551,1.23358439630629,3391.7100190662204
2020-09-01,0.09,7.8,21684.551,1.23358439630629,3365.516671316964
2020-10-01,0.09,6.8,22068.767,1.23358439630629,3418.6999955610795
2020-11-01,0.09,6.7,22068.767,1.23358439630629,3548.99248046875
2020-12-01,0.09,6.7,22068.767,1.23358439630629,3695.3100142045455
2021-01-01,0.09,6.4,22656.793,4.69785886363742,3793.7484323601975
2021-02-01,0.08,6.2,22656.793,4.69785886363742,3883.4321160567433
2021-03-01,0.07,6.1,22656.793,4.69785886363742,3910.508279551632
2021-04-01,0.07,6.1,23368.861,4.69785886363742,4141.176199776785
2021-05-01,0.05,5.8,23368.861,4.69785886363742,4167.849536132812
2021-06-01,0.06,5.9,23368.861,4.69785886363742,4238.48954634233
2021-07-01,0.1,5.4,23921.991,4.69785886363742,4363.712797619048
2021-08-01,0.07,5.1,23921.991,4.69785886363742,4453.965931285511
2021-09-01,0.08,4.7,23921.991,4.69785886363742,4445.543317522322
2021-10-01,0.08,4.5,24777.038,4.69785886363742,4460.707077752976
2021-11-01,0.08,4.1,24777.038,4.69785886363742,4667.386648995535
2021-12-01,0.08,3.9,24777.038,4.69785886363742,4674.772771661932
2022-01-01,0.07,4.0,25215.491,8.00279982052121,4573.815454101563
2022-02-01,0.08,3.8,25215.491,8.00279982052121,4435.980494449013
2022-03-01,0.08,3.6,25215.491,8.00279982052121,4391.265264096467
2022-04-01,0.33,3.7,25805.791,8.00279982052121,4391.29599609375
2022-05-01,0.33,3.6,25805.791,8.00279982052121,4040.3600027901775
2022-06-01,0.83,3.6,25805.791,8.00279982052121,3898.9466843377977
2022-07-01,1.58,3.5,26272.011,8.00279982052121,3911.7294921875
2022-08-01,2.33,3.6,26272.011,8.00279982052121,4158.563083814538
2022-09-01,2.33,3.5,26272.011,8.00279982052121,3850.520496186756
2022-10-01,3.08,3.6,26734.277,8.00279982052121,3726.050955636161
2022-11-01,3.08,3.6,26734.277,8.00279982052121,3917.488595145089
2022-12-01,3.83,3.5,26734.277,8.00279982052121,3912.380952380952
2023-01-01,4.33,3.4,27164.359,4.11633838374488,3960.656530761719
2023-02-01,4.33,3.6,27164.359,4.11633838374488,4079.684724506578
2023-03-01,4.58,3.5,27164.359,4.11633838374488,3968.559145720109
2023-04-01,4.83,3.4,27453.815,4.11633838374488,4121.467362253289
2023-05-01,4.83,3.7,27453.815,4.11633838374488,4146.173195578836
2023-06-01,5.08,3.6,27453.815,4.11633838374488,4345.372837611607
2023-07-01,5.08,3.5,27967.697,4.11633838374488,4508.07548828125
2023-08-01,5.33,3.8,27967.697,4.11633838374488,4457.358674422554
2023-09-01,5.33,3.8,27967.697,4.11633838374488,4409.094995117188
2023-10-01,5.33,3.8,28296.967,4.11633838374488,4269.400945490057
2023-11-01,5.33,3.7,28296.967,4.11633838374488,4460.063313802083
2023-12-01,5.33,3.7,28296.967,4.11633838374488,4685.051489257812
2024-01-01,5.33,3.7,28624.069,4.11633838374488,4804.491513206845
2024-02-01,5.33,3.9,28624.069,4.11633838374488,5011.96142578125
2024-03-01,5.33,3.8,28624.069,4.11633838374488,5170.572485351562
2024-04-01,5.33,3.9,29016.714,4.11633838374488,5112.492742365057
2024-05-01,5.33,4.0,29016.714,4.11633838374488,5235.225497159091
2024-06-01,5.33,4.1,29016.714,4.11633838374488,5415.140496504934
2024-07-01,5.33,4.3,29349.924,4.11633838374488,5538.004572088068
2024-08-01,5.33,4.2,29349.924,4.11633838374488,5478.214577414773
2024-09-01,5.33,4.1,29349.924,4.11633838374488,5621.26044921875
2024-10-01,4.83,4.1,29349.924,4.11633838374488,5792.319548233696
2024-11-01,,,,,5728.7998046875
